Remarks,x,y
A,-29.79999999993015,19.31300000008196
B,-38.194000000017695,67.99399999994785
C,-77.93799999996554,10.839000000618398
D,-86.43999999994412,58.86100000049919
E,-59.03200000000652,44.20900000073016
F,-109.75099999993108,74.92900000046939
G,-101.86499999999069,30.51300000026822
H,-111.05799999996088,28.74900000076741
