start_time,end_time,x,y,AcadianFlycatcher,Black-and-whiteWarbler,Black-throatedBlueWarbler,Black-throatedGreenWarbler,HoodedWarbler,ScarletTanager,experiment
163.0,167.0,-29.79999999993015,19.31300000008196,0.0,0.0,1.0,0.0,0.0,0.0,n4_t1
171.0,175.0,-59.03200000000652,44.20900000073016,0.0,0.0,0.0,0.0,0.0,1.0,n4_t1
187.0,191.0,-29.79999999993015,19.31300000008196,0.0,0.0,1.0,0.0,0.0,0.0,n4_t1
199.0,203.0,-38.194000000017695,67.99399999994785,0.0,0.0,0.0,0.0,0.0,1.0,n4_t1
207.0,211.0,-29.79999999993015,19.31300000008196,0.0,0.0,1.0,0.0,0.0,0.0,n4_t1
211.0,215.0,-29.79999999993015,19.31300000008196,0.0,0.0,1.0,0.0,0.0,0.0,n4_t1
231.0,235.0,-77.93799999996554,10.839000000618398,0.0,0.0,0.0,1.0,0.0,0.0,n4_t1
243.0,247.0,-77.93799999996554,10.839000000618398,0.0,0.0,0.0,1.0,0.0,0.0,n4_t1
251.0,255.0,-77.93799999996554,10.839000000618398,0.0,0.0,0.0,1.0,0.0,0.0,n4_t1
267.0,271.0,-77.93799999996554,10.839000000618398,0.0,0.0,0.0,1.0,0.0,0.0,n4_t1
295.0,299.0,-59.03200000000652,44.20900000073016,0.0,0.0,0.0,0.0,1.0,0.0,n4_t1
307.0,311.0,-59.03200000000652,44.20900000073016,0.0,0.0,0.0,0.0,1.0,0.0,n4_t1
323.0,327.0,-59.03200000000652,44.20900000073016,0.0,0.0,0.0,0.0,1.0,0.0,n4_t1
331.0,335.0,-77.93799999996554,10.839000000618398,0.0,1.0,0.0,0.0,0.0,0.0,n4_t1
335.0,339.0,-59.03200000000652,44.20900000073016,0.0,0.0,0.0,0.0,1.0,0.0,n4_t1
339.0,343.0,-59.03200000000652,44.20900000073016,0.0,0.0,0.0,0.0,1.0,0.0,n4_t1
355.0,359.0,-59.03200000000652,44.20900000073016,0.0,0.0,1.0,0.0,0.0,0.0,n4_t1
359.0,363.0,-59.03200000000652,44.20900000073016,0.0,0.0,1.0,0.0,0.0,0.0,n4_t1
367.0,371.0,-59.03200000000652,44.20900000073016,0.0,0.0,1.0,0.0,0.0,0.0,n4_t1
375.0,379.0,-38.194000000017695,67.99399999994785,0.0,1.0,0.0,0.0,0.0,0.0,n4_t1
383.0,387.0,-59.03200000000652,44.20900000073016,0.0,0.0,1.0,0.0,0.0,0.0,n4_t1
407.0,411.0,-59.03200000000652,44.20900000073016,0.0,0.0,1.0,0.0,0.0,0.0,n4_t1
423.0,427.0,-38.194000000017695,67.99399999994785,0.0,0.0,0.0,1.0,0.0,0.0,n4_t1
431.0,435.0,-38.194000000017695,67.99399999994785,0.0,0.0,0.0,1.0,0.0,0.0,n4_t1
435.0,439.0,-38.194000000017695,67.99399999994785,0.0,0.0,0.0,1.0,0.0,0.0,n4_t1
451.0,455.0,-38.194000000017695,67.99399999994785,0.0,0.0,0.0,1.0,0.0,0.0,n4_t1
455.0,459.0,-38.194000000017695,67.99399999994785,0.0,0.0,0.0,1.0,0.0,0.0,n4_t1
467.0,471.0,-38.194000000017695,67.99399999994785,0.0,0.0,0.0,1.0,0.0,0.0,n4_t1
495.0,499.0,-38.194000000017695,67.99399999994785,1.0,0.0,0.0,0.0,0.0,0.0,n4_t1
507.0,511.0,-38.194000000017695,67.99399999994785,1.0,0.0,0.0,0.0,0.0,0.0,n4_t1
531.0,535.0,-38.194000000017695,67.99399999994785,1.0,0.0,0.0,0.0,0.0,0.0,n4_t1
535.0,539.0,-38.194000000017695,67.99399999994785,1.0,0.0,0.0,0.0,0.0,0.0,n4_t1
555.0,559.0,-59.03200000000652,44.20900000073016,0.0,1.0,0.0,0.0,0.0,0.0,n4_t1
559.0,563.0,-59.03200000000652,44.20900000073016,0.0,1.0,0.0,0.0,0.0,0.0,n4_t1
567.0,571.0,-59.03200000000652,44.20900000073016,0.0,1.0,0.0,0.0,0.0,0.0,n4_t1
571.0,575.0,-77.93799999996554,10.839000000618398,0.0,0.0,0.0,0.0,0.0,1.0,n4_t1
579.0,583.0,-59.03200000000652,44.20900000073016,0.0,1.0,0.0,0.0,0.0,0.0,n4_t1
595.0,599.0,-59.03200000000652,44.20900000073016,0.0,1.0,0.0,0.0,0.0,0.0,n4_t1
599.0,603.0,-77.93799999996554,10.839000000618398,0.0,0.0,0.0,0.0,0.0,1.0,n4_t1
603.0,607.0,-59.03200000000652,44.20900000073016,0.0,1.0,0.0,0.0,0.0,0.0,n4_t1
619.0,623.0,-77.93799999996554,10.839000000618398,0.0,1.0,0.0,0.0,0.0,0.0,n4_t1
627.0,631.0,-29.79999999993015,19.31300000008196,0.0,1.0,0.0,0.0,0.0,0.0,n4_t1
631.0,635.0,-77.93799999996554,10.839000000618398,0.0,1.0,0.0,0.0,0.0,0.0,n4_t1
639.0,643.0,-29.79999999993015,19.31300000008196,0.0,1.0,0.0,0.0,0.0,0.0,n4_t1
643.0,647.0,-77.93799999996554,10.839000000618398,0.0,1.0,0.0,0.0,0.0,0.0,n4_t1
647.0,651.0,-29.79999999993015,19.31300000008196,0.0,1.0,0.0,0.0,0.0,0.0,n4_t1
655.0,659.0,-29.79999999993015,19.31300000008196,0.0,1.0,0.0,0.0,0.0,0.0,n4_t1
659.0,663.0,-77.93799999996554,10.839000000618398,0.0,1.0,0.0,0.0,0.0,0.0,n4_t1
687.0,691.0,-29.79999999993015,19.31300000008196,1.0,0.0,0.0,0.0,0.0,0.0,n4_t1
703.0,707.0,-29.79999999993015,19.31300000008196,1.0,0.0,0.0,0.0,0.0,0.0,n4_t1
711.0,715.0,-59.03200000000652,44.20900000073016,0.0,0.0,0.0,1.0,0.0,0.0,n4_t1
715.0,719.0,-29.79999999993015,19.31300000008196,1.0,0.0,0.0,0.0,0.0,0.0,n4_t1
727.0,731.0,-29.79999999993015,19.31300000008196,1.0,0.0,0.0,0.0,0.0,0.0,n4_t1
739.0,743.0,-29.79999999993015,19.31300000008196,1.0,0.0,0.0,0.0,0.0,0.0,n4_t1
759.0,763.0,-77.93799999996554,10.839000000618398,0.0,1.0,0.0,0.0,0.0,0.0,n4_t1
763.0,767.0,-77.93799999996554,10.839000000618398,0.0,1.0,0.0,0.0,0.0,0.0,n4_t1
775.0,779.0,-77.93799999996554,10.839000000618398,0.0,1.0,0.0,0.0,0.0,0.0,n4_t1
783.0,787.0,-77.93799999996554,10.839000000618398,0.0,1.0,0.0,0.0,0.0,0.0,n4_t1
795.0,799.0,-77.93799999996554,10.839000000618398,0.0,1.0,0.0,0.0,0.0,0.0,n4_t1
803.0,807.0,-77.93799999996554,10.839000000618398,0.0,1.0,0.0,0.0,0.0,0.0,n4_t1
823.0,827.0,-29.79999999993015,19.31300000008196,0.0,0.0,0.0,0.0,1.0,0.0,n4_t1
827.0,831.0,-29.79999999993015,19.31300000008196,0.0,0.0,0.0,0.0,1.0,0.0,n4_t1
831.0,835.0,-38.194000000017695,67.99399999994785,0.0,0.0,1.0,0.0,0.0,0.0,n4_t1
835.0,839.0,-29.79999999993015,19.31300000008196,0.0,0.0,0.0,0.0,1.0,0.0,n4_t1
843.0,847.0,-38.194000000017695,67.99399999994785,0.0,0.0,1.0,0.0,0.0,0.0,n4_t1
847.0,851.0,-29.79999999993015,19.31300000008196,0.0,0.0,0.0,0.0,1.0,0.0,n4_t1
859.0,863.0,-29.79999999993015,19.31300000008196,0.0,0.0,0.0,0.0,1.0,0.0,n4_t1
863.0,867.0,-29.79999999993015,19.31300000008196,0.0,0.0,0.0,0.0,1.0,0.0,n4_t1
891.0,895.0,-59.03200000000652,44.20900000073016,1.0,0.0,0.0,0.0,0.0,0.0,n4_t1
919.0,923.0,-59.03200000000652,44.20900000073016,1.0,0.0,0.0,0.0,0.0,0.0,n4_t1
923.0,927.0,-38.194000000017695,67.99399999994785,0.0,0.0,1.0,0.0,0.0,0.0,n4_t1
927.0,931.0,-59.03200000000652,44.20900000073016,1.0,0.0,0.0,0.0,0.0,0.0,n4_t1
931.0,935.0,-38.194000000017695,67.99399999994785,0.0,0.0,1.0,0.0,0.0,0.0,n4_t1
939.0,943.0,-59.03200000000652,44.20900000073016,1.0,0.0,0.0,0.0,0.0,0.0,n4_t1
967.0,971.0,-38.194000000017695,67.99399999994785,0.0,0.0,1.0,0.0,0.0,0.0,n4_t1
971.0,975.0,-38.194000000017695,67.99399999994785,0.0,0.0,1.0,0.0,0.0,0.0,n4_t1
991.0,995.0,-38.194000000017695,67.99399999994785,0.0,0.0,1.0,0.0,0.0,0.0,n4_t1
1003.0,1007.0,-38.194000000017695,67.99399999994785,0.0,0.0,1.0,0.0,0.0,0.0,n4_t1
1019.0,1023.0,-59.03200000000652,44.20900000073016,0.0,0.0,0.0,1.0,0.0,0.0,n4_t1
1023.0,1027.0,-77.93799999996554,10.839000000618398,0.0,0.0,0.0,0.0,1.0,0.0,n4_t1
1059.0,1063.0,-59.03200000000652,44.20900000073016,0.0,0.0,0.0,1.0,0.0,0.0,n4_t1
1063.0,1067.0,-77.93799999996554,10.839000000618398,0.0,0.0,0.0,0.0,1.0,0.0,n4_t1
1083.0,1087.0,-38.194000000017695,67.99399999994785,0.0,0.0,0.0,0.0,1.0,0.0,n4_t1
1091.0,1095.0,-77.93799999996554,10.839000000618398,0.0,0.0,1.0,0.0,0.0,0.0,n4_t1
1099.0,1103.0,-77.93799999996554,10.839000000618398,0.0,0.0,1.0,0.0,0.0,0.0,n4_t1
1107.0,1111.0,-38.194000000017695,67.99399999994785,0.0,0.0,0.0,0.0,1.0,0.0,n4_t1
1119.0,1123.0,-77.93799999996554,10.839000000618398,0.0,0.0,1.0,0.0,0.0,0.0,n4_t1
1135.0,1139.0,-77.93799999996554,10.839000000618398,0.0,0.0,1.0,0.0,0.0,0.0,n4_t1
1155.0,1159.0,-29.79999999993015,19.31300000008196,0.0,1.0,0.0,0.0,0.0,0.0,n4_t1
1183.0,1187.0,-38.194000000017695,67.99399999994785,0.0,0.0,1.0,0.0,0.0,0.0,n4_t1
1191.0,1195.0,-38.194000000017695,67.99399999994785,0.0,0.0,1.0,0.0,0.0,0.0,n4_t1
1195.0,1199.0,-29.79999999993015,19.31300000008196,0.0,1.0,0.0,0.0,0.0,0.0,n4_t1
1223.0,1227.0,-59.03200000000652,44.20900000073016,0.0,0.0,1.0,0.0,0.0,0.0,n4_t1
1247.0,1251.0,-29.79999999993015,19.31300000008196,0.0,0.0,1.0,0.0,0.0,0.0,n4_t1
1283.0,1287.0,-77.93799999996554,10.839000000618398,0.0,0.0,0.0,1.0,0.0,0.0,n4_t1
1291.0,1295.0,-59.03200000000652,44.20900000073016,1.0,0.0,0.0,0.0,0.0,0.0,n4_t1
1295.0,1299.0,-77.93799999996554,10.839000000618398,0.0,0.0,0.0,1.0,0.0,0.0,n4_t1
1303.0,1307.0,-77.93799999996554,10.839000000618398,0.0,0.0,0.0,1.0,0.0,0.0,n4_t1
1311.0,1315.0,-59.03200000000652,44.20900000073016,1.0,0.0,0.0,0.0,0.0,0.0,n4_t1
1315.0,1319.0,-77.93799999996554,10.839000000618398,0.0,0.0,0.0,1.0,0.0,0.0,n4_t1
1327.0,1331.0,-77.93799999996554,10.839000000618398,0.0,0.0,0.0,1.0,0.0,0.0,n4_t1
1335.0,1339.0,-59.03200000000652,44.20900000073016,1.0,0.0,0.0,0.0,0.0,0.0,n4_t1
1351.0,1355.0,-38.194000000017695,67.99399999994785,0.0,0.0,1.0,0.0,0.0,0.0,n4_t1
1371.0,1375.0,-38.194000000017695,67.99399999994785,0.0,0.0,1.0,0.0,0.0,0.0,n4_t1
1379.0,1383.0,-38.194000000017695,67.99399999994785,0.0,0.0,1.0,0.0,0.0,0.0,n4_t1
1383.0,1387.0,-29.79999999993015,19.31300000008196,0.0,0.0,0.0,0.0,0.0,1.0,n4_t1
1387.0,1391.0,-38.194000000017695,67.99399999994785,0.0,0.0,1.0,0.0,0.0,0.0,n4_t1
1403.0,1407.0,-38.194000000017695,67.99399999994785,0.0,0.0,1.0,0.0,0.0,0.0,n4_t1
1415.0,1419.0,-59.03200000000652,44.20900000073016,0.0,0.0,0.0,0.0,1.0,0.0,n4_t1
1423.0,1427.0,-38.194000000017695,67.99399999994785,0.0,1.0,0.0,0.0,0.0,0.0,n4_t1
1431.0,1435.0,-59.03200000000652,44.20900000073016,0.0,0.0,0.0,0.0,1.0,0.0,n4_t1
1443.0,1447.0,-59.03200000000652,44.20900000073016,0.0,0.0,0.0,0.0,1.0,0.0,n4_t1
1447.0,1451.0,-59.03200000000652,44.20900000073016,0.0,0.0,0.0,0.0,1.0,0.0,n4_t1
1459.0,1463.0,-59.03200000000652,44.20900000073016,0.0,0.0,0.0,0.0,1.0,0.0,n4_t1
1463.0,1467.0,-38.194000000017695,67.99399999994785,0.0,1.0,0.0,0.0,0.0,0.0,n4_t1
1467.0,1471.0,-59.03200000000652,44.20900000073016,0.0,0.0,0.0,0.0,1.0,0.0,n4_t1
1479.0,1483.0,-29.79999999993015,19.31300000008196,0.0,0.0,0.0,0.0,1.0,0.0,n4_t1
1483.0,1487.0,-77.93799999996554,10.839000000618398,1.0,0.0,0.0,0.0,0.0,0.0,n4_t1
1491.0,1495.0,-77.93799999996554,10.839000000618398,1.0,0.0,0.0,0.0,0.0,0.0,n4_t1
1503.0,1507.0,-77.93799999996554,10.839000000618398,1.0,0.0,0.0,0.0,0.0,0.0,n4_t1
1531.0,1535.0,-77.93799999996554,10.839000000618398,1.0,0.0,0.0,0.0,0.0,0.0,n4_t1
1535.0,1539.0,-77.93799999996554,10.839000000618398,1.0,0.0,0.0,0.0,0.0,0.0,n4_t1
1547.0,1551.0,-59.03200000000652,44.20900000073016,0.0,1.0,0.0,0.0,0.0,0.0,n4_t1
1567.0,1571.0,-77.93799999996554,10.839000000618398,0.0,0.0,1.0,0.0,0.0,0.0,n4_t1
1571.0,1575.0,-77.93799999996554,10.839000000618398,0.0,0.0,1.0,0.0,0.0,0.0,n4_t1
1579.0,1583.0,-59.03200000000652,44.20900000073016,0.0,1.0,0.0,0.0,0.0,0.0,n4_t1
1583.0,1587.0,-59.03200000000652,44.20900000073016,0.0,1.0,0.0,0.0,0.0,0.0,n4_t1
1619.0,1623.0,-38.194000000017695,67.99399999994785,0.0,1.0,0.0,0.0,0.0,0.0,n4_t1
1655.0,1659.0,-38.194000000017695,67.99399999994785,0.0,1.0,0.0,0.0,0.0,0.0,n4_t1
1659.0,1663.0,-38.194000000017695,67.99399999994785,0.0,1.0,0.0,0.0,0.0,0.0,n4_t1
1663.0,1667.0,-38.194000000017695,67.99399999994785,0.0,1.0,0.0,0.0,0.0,0.0,n4_t1
1687.0,1691.0,-77.93799999996554,10.839000000618398,0.0,0.0,0.0,0.0,1.0,0.0,n4_t1
1691.0,1695.0,-38.194000000017695,67.99399999994785,0.0,1.0,0.0,0.0,0.0,0.0,n4_t1
1695.0,1699.0,-59.03200000000652,44.20900000073016,0.0,1.0,0.0,0.0,0.0,0.0,n4_t1
1699.0,1703.0,-59.03200000000652,44.20900000073016,0.0,1.0,0.0,0.0,0.0,0.0,n4_t1
1707.0,1711.0,-59.03200000000652,44.20900000073016,0.0,1.0,0.0,0.0,0.0,0.0,n4_t1
1711.0,1715.0,-38.194000000017695,67.99399999994785,0.0,1.0,0.0,0.0,0.0,0.0,n4_t1
1715.0,1719.0,-38.194000000017695,67.99399999994785,0.0,1.0,0.0,0.0,0.0,0.0,n4_t1
1719.0,1723.0,-59.03200000000652,44.20900000073016,0.0,1.0,0.0,0.0,0.0,0.0,n4_t1
1723.0,1727.0,-38.194000000017695,67.99399999994785,0.0,1.0,0.0,0.0,0.0,0.0,n4_t1
1743.0,1747.0,-77.93799999996554,10.839000000618398,0.0,1.0,0.0,0.0,0.0,0.0,n4_t1
1747.0,1751.0,-77.93799999996554,10.839000000618398,0.0,1.0,0.0,0.0,0.0,0.0,n4_t1
1759.0,1763.0,-77.93799999996554,10.839000000618398,0.0,1.0,0.0,0.0,0.0,0.0,n4_t1
1775.0,1779.0,-77.93799999996554,10.839000000618398,0.0,1.0,0.0,0.0,0.0,0.0,n4_t1
1779.0,1783.0,-77.93799999996554,10.839000000618398,0.0,1.0,0.0,0.0,0.0,0.0,n4_t1
1787.0,1791.0,-77.93799999996554,10.839000000618398,0.0,1.0,0.0,0.0,0.0,0.0,n4_t1
1819.0,1823.0,-29.79999999993015,19.31300000008196,0.0,1.0,0.0,0.0,0.0,0.0,n4_t1
1823.0,1827.0,-59.03200000000652,44.20900000073016,0.0,1.0,0.0,0.0,0.0,0.0,n4_t1
1843.0,1847.0,-29.79999999993015,19.31300000008196,0.0,1.0,0.0,0.0,0.0,0.0,n4_t1
1851.0,1855.0,-59.03200000000652,44.20900000073016,0.0,1.0,0.0,0.0,0.0,0.0,n4_t1
1879.0,1883.0,-77.93799999996554,10.839000000618398,0.0,0.0,1.0,0.0,0.0,0.0,n4_t1
1895.0,1899.0,-77.93799999996554,10.839000000618398,0.0,0.0,1.0,0.0,0.0,0.0,n4_t1
1907.0,1911.0,-59.03200000000652,44.20900000073016,0.0,0.0,0.0,0.0,0.0,1.0,n4_t1
1911.0,1915.0,-38.194000000017695,67.99399999994785,1.0,0.0,0.0,0.0,0.0,0.0,n4_t1
1939.0,1943.0,-59.03200000000652,44.20900000073016,0.0,0.0,0.0,0.0,1.0,0.0,n4_t1
1951.0,1955.0,-59.03200000000652,44.20900000073016,0.0,0.0,0.0,0.0,1.0,0.0,n4_t1
1955.0,1959.0,-29.79999999993015,19.31300000008196,0.0,0.0,0.0,0.0,0.0,1.0,n4_t1
1959.0,1963.0,-59.03200000000652,44.20900000073016,0.0,0.0,0.0,0.0,1.0,0.0,n4_t1
1963.0,1967.0,-59.03200000000652,44.20900000073016,0.0,0.0,0.0,0.0,1.0,0.0,n4_t1
1967.0,1971.0,-38.194000000017695,67.99399999994785,0.0,0.0,0.0,1.0,0.0,0.0,n4_t1
1971.0,1975.0,-29.79999999993015,19.31300000008196,0.0,0.0,0.0,0.0,0.0,1.0,n4_t1
1975.0,1979.0,-38.194000000017695,67.99399999994785,0.0,0.0,0.0,1.0,0.0,0.0,n4_t1
1979.0,1983.0,-59.03200000000652,44.20900000073016,0.0,0.0,0.0,0.0,1.0,0.0,n4_t1
1987.0,1991.0,-59.03200000000652,44.20900000073016,0.0,0.0,0.0,0.0,1.0,0.0,n4_t1
2011.0,2015.0,-29.79999999993015,19.31300000008196,0.0,1.0,0.0,0.0,0.0,0.0,n4_t1
2015.0,2019.0,-59.03200000000652,44.20900000073016,0.0,0.0,0.0,1.0,0.0,0.0,n4_t1
2019.0,2023.0,-29.79999999993015,19.31300000008196,0.0,1.0,0.0,0.0,0.0,0.0,n4_t1
2027.0,2031.0,-59.03200000000652,44.20900000073016,0.0,0.0,0.0,1.0,0.0,0.0,n4_t1
2031.0,2035.0,-29.79999999993015,19.31300000008196,0.0,1.0,0.0,0.0,0.0,0.0,n4_t1
2047.0,2051.0,-59.03200000000652,44.20900000073016,0.0,0.0,0.0,1.0,0.0,0.0,n4_t1
2051.0,2055.0,-29.79999999993015,19.31300000008196,0.0,1.0,0.0,0.0,0.0,0.0,n4_t1
2055.0,2059.0,-59.03200000000652,44.20900000073016,0.0,0.0,0.0,1.0,0.0,0.0,n4_t1
215.0,219.0,-86.43999999994412,58.86100000049919,0.0,0.0,1.0,0.0,0.0,0.0,n4_t1
247.0,251.0,-86.43999999994412,58.86100000049919,0.0,1.0,0.0,0.0,0.0,0.0,n4_t1
255.0,259.0,-86.43999999994412,58.86100000049919,0.0,1.0,0.0,0.0,0.0,0.0,n4_t1
263.0,267.0,-86.43999999994412,58.86100000049919,0.0,1.0,0.0,0.0,0.0,0.0,n4_t1
363.0,367.0,-86.43999999994412,58.86100000049919,0.0,0.0,1.0,0.0,0.0,0.0,n4_t1
371.0,375.0,-86.43999999994412,58.86100000049919,0.0,0.0,1.0,0.0,0.0,0.0,n4_t1
403.0,407.0,-86.43999999994412,58.86100000049919,0.0,0.0,1.0,0.0,0.0,0.0,n4_t1
443.0,447.0,-86.43999999994412,58.86100000049919,0.0,0.0,0.0,0.0,0.0,1.0,n4_t1
459.0,463.0,-86.43999999994412,58.86100000049919,0.0,0.0,0.0,0.0,0.0,1.0,n4_t1
591.0,595.0,-101.86499999999069,30.51300000026822,0.0,0.0,0.0,0.0,0.0,1.0,n4_t1
663.0,667.0,-86.43999999994412,58.86100000049919,0.0,0.0,0.0,0.0,0.0,1.0,n4_t1
755.0,759.0,-101.86499999999069,30.51300000026822,0.0,0.0,1.0,0.0,0.0,0.0,n4_t1
767.0,771.0,-101.86499999999069,30.51300000026822,0.0,0.0,1.0,0.0,0.0,0.0,n4_t1
787.0,791.0,-101.86499999999069,30.51300000026822,0.0,0.0,1.0,0.0,0.0,0.0,n4_t1
867.0,871.0,-101.86499999999069,30.51300000026822,0.0,0.0,0.0,0.0,0.0,1.0,n4_t1
895.0,899.0,-86.43999999994412,58.86100000049919,0.0,0.0,1.0,0.0,0.0,0.0,n4_t1
903.0,907.0,-86.43999999994412,58.86100000049919,0.0,0.0,1.0,0.0,0.0,0.0,n4_t1
907.0,911.0,-86.43999999994412,58.86100000049919,0.0,0.0,1.0,0.0,0.0,0.0,n4_t1
935.0,939.0,-86.43999999994412,58.86100000049919,0.0,0.0,1.0,0.0,0.0,0.0,n4_t1
1051.0,1055.0,-101.86499999999069,30.51300000026822,0.0,1.0,0.0,0.0,0.0,0.0,n4_t1
1071.0,1075.0,-101.86499999999069,30.51300000026822,0.0,1.0,0.0,0.0,0.0,0.0,n4_t1
1103.0,1107.0,-101.86499999999069,30.51300000026822,0.0,0.0,1.0,0.0,0.0,0.0,n4_t1
1123.0,1127.0,-101.86499999999069,30.51300000026822,0.0,0.0,1.0,0.0,0.0,0.0,n4_t1
1219.0,1223.0,-101.86499999999069,30.51300000026822,0.0,1.0,0.0,0.0,0.0,0.0,n4_t1
1239.0,1243.0,-101.86499999999069,30.51300000026822,0.0,1.0,0.0,0.0,0.0,0.0,n4_t1
1255.0,1259.0,-101.86499999999069,30.51300000026822,0.0,1.0,0.0,0.0,0.0,0.0,n4_t1
1263.0,1267.0,-101.86499999999069,30.51300000026822,0.0,1.0,0.0,0.0,0.0,0.0,n4_t1
1359.0,1363.0,-86.43999999994412,58.86100000049919,0.0,0.0,0.0,1.0,0.0,0.0,n4_t1
1395.0,1399.0,-86.43999999994412,58.86100000049919,0.0,0.0,0.0,1.0,0.0,0.0,n4_t1
1511.0,1515.0,-101.86499999999069,30.51300000026822,0.0,1.0,0.0,0.0,0.0,0.0,n4_t1
1683.0,1687.0,-101.86499999999069,30.51300000026822,1.0,0.0,0.0,0.0,0.0,0.0,n4_t1
1727.0,1731.0,-101.86499999999069,30.51300000026822,1.0,0.0,0.0,0.0,0.0,0.0,n4_t1
1751.0,1755.0,-86.43999999994412,58.86100000049919,0.0,0.0,0.0,1.0,0.0,0.0,n4_t1
1755.0,1759.0,-86.43999999994412,58.86100000049919,0.0,0.0,0.0,1.0,0.0,0.0,n4_t1
1767.0,1771.0,-101.86499999999069,30.51300000026822,0.0,0.0,1.0,0.0,0.0,0.0,n4_t1
1771.0,1775.0,-86.43999999994412,58.86100000049919,0.0,0.0,0.0,1.0,0.0,0.0,n4_t1
1783.0,1787.0,-86.43999999994412,58.86100000049919,0.0,0.0,0.0,1.0,0.0,0.0,n4_t1
1791.0,1795.0,-86.43999999994412,58.86100000049919,0.0,0.0,0.0,1.0,0.0,0.0,n4_t1
1815.0,1819.0,-101.86499999999069,30.51300000026822,1.0,0.0,0.0,0.0,0.0,0.0,n4_t1
1883.0,1887.0,-101.86499999999069,30.51300000026822,0.0,1.0,0.0,0.0,0.0,0.0,n4_t1
1903.0,1907.0,-101.86499999999069,30.51300000026822,0.0,1.0,0.0,0.0,0.0,0.0,n4_t1
1919.0,1923.0,-101.86499999999069,30.51300000026822,0.0,1.0,0.0,0.0,0.0,0.0,n4_t1
1923.0,1927.0,-101.86499999999069,30.51300000026822,0.0,1.0,0.0,0.0,0.0,0.0,n4_t1
2091.0,2095.0,-86.43999999994412,58.86100000049919,0.0,0.0,0.0,0.0,0.0,1.0,n4_t1
2095.0,2099.0,-101.86499999999069,30.51300000026822,0.0,0.0,0.0,1.0,0.0,0.0,n4_t1
2119.0,2123.0,-86.43999999994412,58.86100000049919,0.0,0.0,0.0,0.0,0.0,1.0,n4_t1
2123.0,2127.0,-101.86499999999069,30.51300000026822,0.0,0.0,0.0,1.0,0.0,0.0,n4_t1
231.0,235.0,-86.43999999994412,58.86100000049919,0.0,1.0,0.0,0.0,0.0,0.0,n4_t1
243.0,247.0,-86.43999999994412,58.86100000049919,0.0,1.0,0.0,0.0,0.0,0.0,n4_t1
279.0,283.0,-29.79999999993015,19.31300000008196,0.0,0.0,0.0,0.0,1.0,0.0,n4_t1
311.0,315.0,-38.194000000017695,67.99399999994785,0.0,1.0,0.0,0.0,0.0,0.0,n4_t1
499.0,503.0,-109.75099999993108,74.92900000046939,0.0,0.0,0.0,0.0,0.0,1.0,n4_t1
503.0,507.0,-109.75099999993108,74.92900000046939,0.0,0.0,0.0,0.0,0.0,1.0,n4_t1
511.0,515.0,-109.75099999993108,74.92900000046939,0.0,0.0,0.0,0.0,0.0,1.0,n4_t1
527.0,531.0,-38.194000000017695,67.99399999994785,1.0,0.0,0.0,0.0,0.0,0.0,n4_t1
543.0,547.0,-109.75099999993108,74.92900000046939,0.0,0.0,0.0,0.0,0.0,1.0,n4_t1
635.0,639.0,-109.75099999993108,74.92900000046939,1.0,0.0,0.0,0.0,0.0,0.0,n4_t1
667.0,671.0,-29.79999999993015,19.31300000008196,0.0,1.0,0.0,0.0,0.0,0.0,n4_t1
671.0,675.0,-29.79999999993015,19.31300000008196,0.0,1.0,0.0,0.0,0.0,0.0,n4_t1
751.0,755.0,-109.75099999993108,74.92900000046939,0.0,1.0,0.0,0.0,0.0,0.0,n4_t1
759.0,763.0,-109.75099999993108,74.92900000046939,0.0,1.0,0.0,0.0,0.0,0.0,n4_t1
771.0,775.0,-109.75099999993108,74.92900000046939,0.0,1.0,0.0,0.0,0.0,0.0,n4_t1
787.0,791.0,-109.75099999993108,74.92900000046939,0.0,1.0,0.0,0.0,0.0,0.0,n4_t1
791.0,795.0,-109.75099999993108,74.92900000046939,0.0,1.0,0.0,0.0,0.0,0.0,n4_t1
799.0,803.0,-109.75099999993108,74.92900000046939,0.0,1.0,0.0,0.0,0.0,0.0,n4_t1
839.0,843.0,-109.75099999993108,74.92900000046939,0.0,0.0,1.0,0.0,0.0,0.0,n4_t1
955.0,959.0,-38.194000000017695,67.99399999994785,0.0,0.0,1.0,0.0,0.0,0.0,n4_t1
983.0,987.0,-38.194000000017695,67.99399999994785,0.0,0.0,1.0,0.0,0.0,0.0,n4_t1
1031.0,1035.0,-59.03200000000652,44.20900000073016,0.0,0.0,0.0,1.0,0.0,0.0,n4_t1
1039.0,1043.0,-59.03200000000652,44.20900000073016,0.0,0.0,0.0,1.0,0.0,0.0,n4_t1
1047.0,1051.0,-59.03200000000652,44.20900000073016,0.0,0.0,0.0,1.0,0.0,0.0,n4_t1
1067.0,1071.0,-59.03200000000652,44.20900000073016,0.0,0.0,0.0,1.0,0.0,0.0,n4_t1
1091.0,1095.0,-86.43999999994412,58.86100000049919,0.0,0.0,0.0,0.0,1.0,0.0,n4_t1
1095.0,1099.0,-38.194000000017695,67.99399999994785,0.0,0.0,0.0,0.0,1.0,0.0,n4_t1
1119.0,1123.0,-86.43999999994412,58.86100000049919,0.0,0.0,0.0,0.0,1.0,0.0,n4_t1
1127.0,1131.0,-38.194000000017695,67.99399999994785,0.0,0.0,0.0,0.0,1.0,0.0,n4_t1
1231.0,1235.0,-86.43999999994412,58.86100000049919,0.0,0.0,0.0,0.0,1.0,0.0,n4_t1
1243.0,1247.0,-86.43999999994412,58.86100000049919,0.0,0.0,0.0,0.0,1.0,0.0,n4_t1
1295.0,1299.0,-109.75099999993108,74.92900000046939,1.0,0.0,0.0,0.0,0.0,0.0,n4_t1
1299.0,1303.0,-59.03200000000652,44.20900000073016,1.0,0.0,0.0,0.0,0.0,0.0,n4_t1
1307.0,1311.0,-109.75099999993108,74.92900000046939,1.0,0.0,0.0,0.0,0.0,0.0,n4_t1
1319.0,1323.0,-109.75099999993108,74.92900000046939,1.0,0.0,0.0,0.0,0.0,0.0,n4_t1
1327.0,1331.0,-109.75099999993108,74.92900000046939,1.0,0.0,0.0,0.0,0.0,0.0,n4_t1
1519.0,1523.0,-59.03200000000652,44.20900000073016,1.0,0.0,0.0,0.0,0.0,0.0,n4_t1
1543.0,1547.0,-109.75099999993108,74.92900000046939,0.0,1.0,0.0,0.0,0.0,0.0,n4_t1
1551.0,1555.0,-59.03200000000652,44.20900000073016,0.0,1.0,0.0,0.0,0.0,0.0,n4_t1
1575.0,1579.0,-109.75099999993108,74.92900000046939,0.0,1.0,0.0,0.0,0.0,0.0,n4_t1
1587.0,1591.0,-29.79999999993015,19.31300000008196,1.0,0.0,0.0,0.0,0.0,0.0,n4_t1
1595.0,1599.0,-59.03200000000652,44.20900000073016,0.0,1.0,0.0,0.0,0.0,0.0,n4_t1
1623.0,1627.0,-109.75099999993108,74.92900000046939,0.0,0.0,0.0,0.0,0.0,1.0,n4_t1
1647.0,1651.0,-29.79999999993015,19.31300000008196,0.0,0.0,1.0,0.0,0.0,0.0,n4_t1
1667.0,1671.0,-109.75099999993108,74.92900000046939,0.0,0.0,0.0,0.0,0.0,1.0,n4_t1
1743.0,1747.0,-109.75099999993108,74.92900000046939,0.0,0.0,1.0,0.0,0.0,0.0,n4_t1
1763.0,1767.0,-86.43999999994412,58.86100000049919,0.0,0.0,0.0,1.0,0.0,0.0,n4_t1
1767.0,1771.0,-109.75099999993108,74.92900000046939,0.0,0.0,1.0,0.0,0.0,0.0,n4_t1
1779.0,1783.0,-109.75099999993108,74.92900000046939,0.0,0.0,1.0,0.0,0.0,0.0,n4_t1
1795.0,1799.0,-109.75099999993108,74.92900000046939,0.0,0.0,1.0,0.0,0.0,0.0,n4_t1
2075.0,2079.0,-109.75099999993108,74.92900000046939,1.0,0.0,0.0,0.0,0.0,0.0,n4_t1
2079.0,2083.0,-109.75099999993108,74.92900000046939,1.0,0.0,0.0,0.0,0.0,0.0,n4_t1
235.0,239.0,-111.05799999996088,28.74900000076741,1.0,0.0,0.0,0.0,0.0,0.0,n4_t1
239.0,243.0,-111.05799999996088,28.74900000076741,1.0,0.0,0.0,0.0,0.0,0.0,n4_t1
299.0,303.0,-111.05799999996088,28.74900000076741,0.0,0.0,1.0,0.0,0.0,0.0,n4_t1
303.0,307.0,-111.05799999996088,28.74900000076741,0.0,0.0,1.0,0.0,0.0,0.0,n4_t1
347.0,351.0,-111.05799999996088,28.74900000076741,0.0,0.0,1.0,0.0,0.0,0.0,n4_t1
447.0,451.0,-111.05799999996088,28.74900000076741,1.0,0.0,0.0,0.0,0.0,0.0,n4_t1
491.0,495.0,-111.05799999996088,28.74900000076741,0.0,0.0,0.0,1.0,0.0,0.0,n4_t1
499.0,503.0,-111.05799999996088,28.74900000076741,0.0,0.0,0.0,1.0,0.0,0.0,n4_t1
519.0,523.0,-111.05799999996088,28.74900000076741,0.0,0.0,0.0,1.0,0.0,0.0,n4_t1
539.0,543.0,-111.05799999996088,28.74900000076741,0.0,0.0,0.0,1.0,0.0,0.0,n4_t1
735.0,739.0,-111.05799999996088,28.74900000076741,0.0,1.0,0.0,0.0,0.0,0.0,n4_t1
807.0,811.0,-111.05799999996088,28.74900000076741,0.0,0.0,1.0,0.0,0.0,0.0,n4_t1
979.0,983.0,-111.05799999996088,28.74900000076741,0.0,0.0,0.0,0.0,0.0,1.0,n4_t1
1055.0,1059.0,-111.05799999996088,28.74900000076741,0.0,1.0,0.0,0.0,0.0,0.0,n4_t1
1427.0,1431.0,-111.05799999996088,28.74900000076741,0.0,0.0,0.0,1.0,0.0,0.0,n4_t1
1439.0,1443.0,-111.05799999996088,28.74900000076741,0.0,0.0,0.0,1.0,0.0,0.0,n4_t1
1451.0,1455.0,-111.05799999996088,28.74900000076741,0.0,0.0,0.0,1.0,0.0,0.0,n4_t1
1835.0,1839.0,-111.05799999996088,28.74900000076741,0.0,0.0,1.0,0.0,0.0,0.0,n4_t1
2023.0,2027.0,-111.05799999996088,28.74900000076741,0.0,0.0,0.0,0.0,1.0,0.0,n4_t1
2043.0,2047.0,-111.05799999996088,28.74900000076741,0.0,0.0,0.0,0.0,1.0,0.0,n4_t1
2075.0,2079.0,-111.05799999996088,28.74900000076741,0.0,0.0,0.0,1.0,0.0,0.0,n4_t1
2115.0,2119.0,-111.05799999996088,28.74900000076741,0.0,0.0,0.0,1.0,0.0,0.0,n4_t1
175.0,179.0,-29.79999999993015,19.31300000008196,0.0,0.0,1.0,0.0,0.0,0.0,n4_t1
375.0,379.0,-101.86499999999069,30.51300000026822,0.0,0.0,0.0,1.0,0.0,0.0,n4_t1
423.0,427.0,-101.86499999999069,30.51300000026822,0.0,0.0,0.0,0.0,0.0,1.0,n4_t1
455.0,459.0,-101.86499999999069,30.51300000026822,0.0,0.0,0.0,0.0,0.0,1.0,n4_t1
467.0,471.0,-111.05799999996088,28.74900000076741,1.0,0.0,0.0,0.0,0.0,0.0,n4_t1
707.0,711.0,-29.79999999993015,19.31300000008196,1.0,0.0,0.0,0.0,0.0,0.0,n4_t1
723.0,727.0,-59.03200000000652,44.20900000073016,0.0,0.0,0.0,1.0,0.0,0.0,n4_t1
831.0,835.0,-109.75099999993108,74.92900000046939,0.0,0.0,1.0,0.0,0.0,0.0,n4_t1
911.0,915.0,-59.03200000000652,44.20900000073016,1.0,0.0,0.0,0.0,0.0,0.0,n4_t1
931.0,935.0,-86.43999999994412,58.86100000049919,0.0,0.0,1.0,0.0,0.0,0.0,n4_t1
955.0,959.0,-77.93799999996554,10.839000000618398,1.0,0.0,0.0,0.0,0.0,0.0,n4_t1
967.0,971.0,-101.86499999999069,30.51300000026822,0.0,1.0,0.0,0.0,0.0,0.0,n4_t1
1127.0,1131.0,-77.93799999996554,10.839000000618398,0.0,0.0,1.0,0.0,0.0,0.0,n4_t1
1163.0,1167.0,-29.79999999993015,19.31300000008196,0.0,1.0,0.0,0.0,0.0,0.0,n4_t1
1175.0,1179.0,-59.03200000000652,44.20900000073016,1.0,0.0,0.0,0.0,0.0,0.0,n4_t1
1351.0,1355.0,-86.43999999994412,58.86100000049919,0.0,0.0,0.0,1.0,0.0,0.0,n4_t1
1363.0,1367.0,-29.79999999993015,19.31300000008196,0.0,0.0,0.0,0.0,0.0,1.0,n4_t1
1379.0,1383.0,-86.43999999994412,58.86100000049919,0.0,0.0,0.0,1.0,0.0,0.0,n4_t1
1387.0,1391.0,-86.43999999994412,58.86100000049919,0.0,0.0,0.0,1.0,0.0,0.0,n4_t1
1423.0,1427.0,-111.05799999996088,28.74900000076741,0.0,0.0,0.0,1.0,0.0,0.0,n4_t1
1619.0,1623.0,-109.75099999993108,74.92900000046939,0.0,0.0,0.0,0.0,0.0,1.0,n4_t1
1655.0,1659.0,-109.75099999993108,74.92900000046939,0.0,0.0,0.0,0.0,0.0,1.0,n4_t1
1679.0,1683.0,-59.03200000000652,44.20900000073016,0.0,1.0,0.0,0.0,0.0,0.0,n4_t1
1691.0,1695.0,-101.86499999999069,30.51300000026822,1.0,0.0,0.0,0.0,0.0,0.0,n4_t1
1723.0,1727.0,-101.86499999999069,30.51300000026822,1.0,0.0,0.0,0.0,0.0,0.0,n4_t1
1911.0,1915.0,-101.86499999999069,30.51300000026822,0.0,1.0,0.0,0.0,0.0,0.0,n4_t1
1915.0,1919.0,-59.03200000000652,44.20900000073016,0.0,0.0,0.0,0.0,0.0,1.0,n4_t1
175.0,179.0,-38.194000000017695,67.99399999994785,0.0,0.0,0.0,0.0,0.0,1.0,n4_t1
187.0,191.0,-86.43999999994412,58.86100000049919,0.0,0.0,1.0,0.0,0.0,0.0,n4_t1
203.0,207.0,-59.03200000000652,44.20900000073016,0.0,0.0,0.0,0.0,0.0,1.0,n4_t1
647.0,651.0,-86.43999999994412,58.86100000049919,0.0,0.0,0.0,0.0,0.0,1.0,n4_t1
655.0,659.0,-109.75099999993108,74.92900000046939,1.0,0.0,0.0,0.0,0.0,0.0,n4_t1
667.0,671.0,-77.93799999996554,10.839000000618398,0.0,1.0,0.0,0.0,0.0,0.0,n4_t1
671.0,675.0,-77.93799999996554,10.839000000618398,0.0,1.0,0.0,0.0,0.0,0.0,n4_t1
707.0,711.0,-38.194000000017695,67.99399999994785,1.0,0.0,0.0,0.0,0.0,0.0,n4_t1
835.0,839.0,-101.86499999999069,30.51300000026822,0.0,0.0,0.0,0.0,0.0,1.0,n4_t1
1151.0,1155.0,-59.03200000000652,44.20900000073016,1.0,0.0,0.0,0.0,0.0,0.0,n4_t1
1163.0,1167.0,-38.194000000017695,67.99399999994785,0.0,0.0,1.0,0.0,0.0,0.0,n4_t1
1251.0,1255.0,-59.03200000000652,44.20900000073016,0.0,0.0,1.0,0.0,0.0,0.0,n4_t1
1363.0,1367.0,-38.194000000017695,67.99399999994785,0.0,0.0,1.0,0.0,0.0,0.0,n4_t1
1479.0,1483.0,-101.86499999999069,30.51300000026822,0.0,1.0,0.0,0.0,0.0,0.0,n4_t1
1495.0,1499.0,-59.03200000000652,44.20900000073016,1.0,0.0,0.0,0.0,0.0,0.0,n4_t1
1587.0,1591.0,-77.93799999996554,10.839000000618398,0.0,0.0,1.0,0.0,0.0,0.0,n4_t1
1647.0,1651.0,-77.93799999996554,10.839000000618398,1.0,0.0,0.0,0.0,0.0,0.0,n4_t1
1843.0,1847.0,-111.05799999996088,28.74900000076741,0.0,0.0,1.0,0.0,0.0,0.0,n4_t1
1955.0,1959.0,-109.75099999993108,74.92900000046939,0.0,0.0,0.0,0.0,0.0,1.0,n4_t1
2039.0,2043.0,-59.03200000000652,44.20900000073016,0.0,0.0,0.0,1.0,0.0,0.0,n4_t1
2059.0,2063.0,-59.03200000000652,44.20900000073016,0.0,0.0,0.0,1.0,0.0,0.0,n4_t1
203.0,207.0,-29.79999999993015,19.31300000008196,0.0,0.0,1.0,0.0,0.0,0.0,n4_t1
275.0,279.0,-29.79999999993015,19.31300000008196,0.0,0.0,0.0,0.0,1.0,0.0,n4_t1
275.0,279.0,-77.93799999996554,10.839000000618398,0.0,0.0,0.0,1.0,0.0,0.0,n4_t1
279.0,283.0,-77.93799999996554,10.839000000618398,0.0,0.0,0.0,1.0,0.0,0.0,n4_t1
311.0,315.0,-77.93799999996554,10.839000000618398,0.0,1.0,0.0,0.0,0.0,0.0,n4_t1
343.0,347.0,-38.194000000017695,67.99399999994785,0.0,1.0,0.0,0.0,0.0,0.0,n4_t1
343.0,347.0,-59.03200000000652,44.20900000073016,0.0,0.0,0.0,0.0,1.0,0.0,n4_t1
391.0,395.0,-38.194000000017695,67.99399999994785,0.0,1.0,0.0,0.0,0.0,0.0,n4_t1
391.0,395.0,-59.03200000000652,44.20900000073016,0.0,0.0,1.0,0.0,0.0,0.0,n4_t1
523.0,527.0,-38.194000000017695,67.99399999994785,1.0,0.0,0.0,0.0,0.0,0.0,n4_t1
523.0,527.0,-77.93799999996554,10.839000000618398,0.0,0.0,0.0,1.0,0.0,0.0,n4_t1
527.0,531.0,-77.93799999996554,10.839000000618398,0.0,0.0,0.0,1.0,0.0,0.0,n4_t1
723.0,727.0,-38.194000000017695,67.99399999994785,1.0,0.0,0.0,0.0,0.0,0.0,n4_t1
887.0,891.0,-38.194000000017695,67.99399999994785,0.0,0.0,1.0,0.0,0.0,0.0,n4_t1
899.0,903.0,-38.194000000017695,67.99399999994785,0.0,0.0,1.0,0.0,0.0,0.0,n4_t1
899.0,903.0,-59.03200000000652,44.20900000073016,1.0,0.0,0.0,0.0,0.0,0.0,n4_t1
911.0,915.0,-38.194000000017695,67.99399999994785,0.0,0.0,1.0,0.0,0.0,0.0,n4_t1
983.0,987.0,-77.93799999996554,10.839000000618398,1.0,0.0,0.0,0.0,0.0,0.0,n4_t1
1031.0,1035.0,-77.93799999996554,10.839000000618398,0.0,0.0,0.0,0.0,1.0,0.0,n4_t1
1039.0,1043.0,-77.93799999996554,10.839000000618398,0.0,0.0,0.0,0.0,1.0,0.0,n4_t1
1047.0,1051.0,-77.93799999996554,10.839000000618398,0.0,0.0,0.0,0.0,1.0,0.0,n4_t1
1067.0,1071.0,-77.93799999996554,10.839000000618398,0.0,0.0,0.0,0.0,1.0,0.0,n4_t1
1095.0,1099.0,-77.93799999996554,10.839000000618398,0.0,0.0,1.0,0.0,0.0,0.0,n4_t1
1115.0,1119.0,-38.194000000017695,67.99399999994785,0.0,0.0,0.0,0.0,1.0,0.0,n4_t1
1151.0,1155.0,-29.79999999993015,19.31300000008196,0.0,1.0,0.0,0.0,0.0,0.0,n4_t1
1171.0,1175.0,-29.79999999993015,19.31300000008196,0.0,1.0,0.0,0.0,0.0,0.0,n4_t1
1171.0,1175.0,-38.194000000017695,67.99399999994785,0.0,0.0,1.0,0.0,0.0,0.0,n4_t1
1175.0,1179.0,-38.194000000017695,67.99399999994785,0.0,0.0,1.0,0.0,0.0,0.0,n4_t1
1187.0,1191.0,-29.79999999993015,19.31300000008196,0.0,1.0,0.0,0.0,0.0,0.0,n4_t1
1187.0,1191.0,-38.194000000017695,67.99399999994785,0.0,0.0,1.0,0.0,0.0,0.0,n4_t1
1251.0,1255.0,-29.79999999993015,19.31300000008196,0.0,0.0,1.0,0.0,0.0,0.0,n4_t1
1287.0,1291.0,-59.03200000000652,44.20900000073016,1.0,0.0,0.0,0.0,0.0,0.0,n4_t1
1299.0,1303.0,-77.93799999996554,10.839000000618398,0.0,0.0,0.0,1.0,0.0,0.0,n4_t1
1495.0,1499.0,-29.79999999993015,19.31300000008196,0.0,0.0,0.0,0.0,1.0,0.0,n4_t1
1519.0,1523.0,-77.93799999996554,10.839000000618398,1.0,0.0,0.0,0.0,0.0,0.0,n4_t1
1551.0,1555.0,-77.93799999996554,10.839000000618398,0.0,0.0,1.0,0.0,0.0,0.0,n4_t1
1563.0,1567.0,-29.79999999993015,19.31300000008196,1.0,0.0,0.0,0.0,0.0,0.0,n4_t1
1563.0,1567.0,-77.93799999996554,10.839000000618398,0.0,0.0,1.0,0.0,0.0,0.0,n4_t1
1563.0,1567.0,-59.03200000000652,44.20900000073016,0.0,1.0,0.0,0.0,0.0,0.0,n4_t1
1595.0,1599.0,-77.93799999996554,10.839000000618398,0.0,0.0,1.0,0.0,0.0,0.0,n4_t1
1635.0,1639.0,-29.79999999993015,19.31300000008196,0.0,0.0,1.0,0.0,0.0,0.0,n4_t1
1635.0,1639.0,-38.194000000017695,67.99399999994785,0.0,1.0,0.0,0.0,0.0,0.0,n4_t1
1643.0,1647.0,-38.194000000017695,67.99399999994785,0.0,1.0,0.0,0.0,0.0,0.0,n4_t1
1643.0,1647.0,-77.93799999996554,10.839000000618398,1.0,0.0,0.0,0.0,0.0,0.0,n4_t1
1679.0,1683.0,-38.194000000017695,67.99399999994785,0.0,1.0,0.0,0.0,0.0,0.0,n4_t1
1703.0,1707.0,-38.194000000017695,67.99399999994785,0.0,1.0,0.0,0.0,0.0,0.0,n4_t1
1703.0,1707.0,-77.93799999996554,10.839000000618398,0.0,0.0,0.0,0.0,1.0,0.0,n4_t1
1703.0,1707.0,-59.03200000000652,44.20900000073016,0.0,1.0,0.0,0.0,0.0,0.0,n4_t1
1915.0,1919.0,-38.194000000017695,67.99399999994785,1.0,0.0,0.0,0.0,0.0,0.0,n4_t1
2039.0,2043.0,-29.79999999993015,19.31300000008196,0.0,1.0,0.0,0.0,0.0,0.0,n4_t1
2059.0,2063.0,-29.79999999993015,19.31300000008196,0.0,1.0,0.0,0.0,0.0,0.0,n4_t1
275.0,279.0,-86.43999999994412,58.86100000049919,0.0,1.0,0.0,0.0,0.0,0.0,n4_t1
359.0,363.0,-86.43999999994412,58.86100000049919,0.0,0.0,1.0,0.0,0.0,0.0,n4_t1
383.0,387.0,-86.43999999994412,58.86100000049919,0.0,0.0,1.0,0.0,0.0,0.0,n4_t1
391.0,395.0,-86.43999999994412,58.86100000049919,0.0,0.0,1.0,0.0,0.0,0.0,n4_t1
391.0,395.0,-101.86499999999069,30.51300000026822,0.0,0.0,0.0,1.0,0.0,0.0,n4_t1
571.0,575.0,-101.86499999999069,30.51300000026822,0.0,0.0,0.0,0.0,0.0,1.0,n4_t1
759.0,763.0,-101.86499999999069,30.51300000026822,0.0,0.0,1.0,0.0,0.0,0.0,n4_t1
775.0,779.0,-101.86499999999069,30.51300000026822,0.0,0.0,1.0,0.0,0.0,0.0,n4_t1
803.0,807.0,-101.86499999999069,30.51300000026822,0.0,0.0,1.0,0.0,0.0,0.0,n4_t1
923.0,927.0,-86.43999999994412,58.86100000049919,0.0,0.0,1.0,0.0,0.0,0.0,n4_t1
983.0,987.0,-101.86499999999069,30.51300000026822,0.0,1.0,0.0,0.0,0.0,0.0,n4_t1
1091.0,1095.0,-101.86499999999069,30.51300000026822,0.0,0.0,1.0,0.0,0.0,0.0,n4_t1
1095.0,1099.0,-101.86499999999069,30.51300000026822,0.0,0.0,1.0,0.0,0.0,0.0,n4_t1
1119.0,1123.0,-101.86499999999069,30.51300000026822,0.0,0.0,1.0,0.0,0.0,0.0,n4_t1
1135.0,1139.0,-101.86499999999069,30.51300000026822,0.0,0.0,1.0,0.0,0.0,0.0,n4_t1
1171.0,1175.0,-101.86499999999069,30.51300000026822,0.0,0.0,0.0,0.0,1.0,0.0,n4_t1
1187.0,1191.0,-101.86499999999069,30.51300000026822,0.0,0.0,0.0,0.0,1.0,0.0,n4_t1
1231.0,1235.0,-101.86499999999069,30.51300000026822,0.0,1.0,0.0,0.0,0.0,0.0,n4_t1
1243.0,1247.0,-101.86499999999069,30.51300000026822,0.0,1.0,0.0,0.0,0.0,0.0,n4_t1
1371.0,1375.0,-86.43999999994412,58.86100000049919,0.0,0.0,0.0,1.0,0.0,0.0,n4_t1
1415.0,1419.0,-101.86499999999069,30.51300000026822,0.0,1.0,0.0,0.0,0.0,0.0,n4_t1
1459.0,1463.0,-101.86499999999069,30.51300000026822,0.0,1.0,0.0,0.0,0.0,0.0,n4_t1
1699.0,1703.0,-101.86499999999069,30.51300000026822,1.0,0.0,0.0,0.0,0.0,0.0,n4_t1
1707.0,1711.0,-101.86499999999069,30.51300000026822,1.0,0.0,0.0,0.0,0.0,0.0,n4_t1
1763.0,1767.0,-101.86499999999069,30.51300000026822,0.0,0.0,1.0,0.0,0.0,0.0,n4_t1
1823.0,1827.0,-101.86499999999069,30.51300000026822,1.0,0.0,0.0,0.0,0.0,0.0,n4_t1
1907.0,1911.0,-101.86499999999069,30.51300000026822,0.0,1.0,0.0,0.0,0.0,0.0,n4_t1
2027.0,2031.0,-101.86499999999069,30.51300000026822,0.0,1.0,0.0,0.0,0.0,0.0,n4_t1
2055.0,2059.0,-101.86499999999069,30.51300000026822,0.0,1.0,0.0,0.0,0.0,0.0,n4_t1
507.0,511.0,-109.75099999993108,74.92900000046939,0.0,0.0,0.0,0.0,0.0,1.0,n4_t1
523.0,527.0,-109.75099999993108,74.92900000046939,0.0,0.0,0.0,0.0,0.0,1.0,n4_t1
1291.0,1295.0,-109.75099999993108,74.92900000046939,1.0,0.0,0.0,0.0,0.0,0.0,n4_t1
1335.0,1339.0,-109.75099999993108,74.92900000046939,1.0,0.0,0.0,0.0,0.0,0.0,n4_t1
1359.0,1363.0,-109.75099999993108,74.92900000046939,0.0,0.0,0.0,1.0,0.0,0.0,n4_t1
1371.0,1375.0,-109.75099999993108,74.92900000046939,0.0,0.0,0.0,1.0,0.0,0.0,n4_t1
1635.0,1639.0,-109.75099999993108,74.92900000046939,0.0,0.0,0.0,0.0,0.0,1.0,n4_t1
1643.0,1647.0,-109.75099999993108,74.92900000046939,0.0,0.0,0.0,0.0,0.0,1.0,n4_t1
1755.0,1759.0,-109.75099999993108,74.92900000046939,0.0,0.0,1.0,0.0,0.0,0.0,n4_t1
1791.0,1795.0,-109.75099999993108,74.92900000046939,0.0,0.0,1.0,0.0,0.0,0.0,n4_t1
1979.0,1983.0,-109.75099999993108,74.92900000046939,0.0,0.0,0.0,0.0,0.0,1.0,n4_t1
247.0,251.0,-111.05799999996088,28.74900000076741,1.0,0.0,0.0,0.0,0.0,0.0,n4_t1
263.0,267.0,-111.05799999996088,28.74900000076741,1.0,0.0,0.0,0.0,0.0,0.0,n4_t1
275.0,279.0,-111.05799999996088,28.74900000076741,1.0,0.0,0.0,0.0,0.0,0.0,n4_t1
279.0,283.0,-111.05799999996088,28.74900000076741,1.0,0.0,0.0,0.0,0.0,0.0,n4_t1
311.0,315.0,-111.05799999996088,28.74900000076741,0.0,0.0,1.0,0.0,0.0,0.0,n4_t1
323.0,327.0,-111.05799999996088,28.74900000076741,0.0,0.0,1.0,0.0,0.0,0.0,n4_t1
343.0,347.0,-111.05799999996088,28.74900000076741,0.0,0.0,1.0,0.0,0.0,0.0,n4_t1
435.0,439.0,-111.05799999996088,28.74900000076741,1.0,0.0,0.0,0.0,0.0,0.0,n4_t1
443.0,447.0,-111.05799999996088,28.74900000076741,1.0,0.0,0.0,0.0,0.0,0.0,n4_t1
459.0,463.0,-111.05799999996088,28.74900000076741,1.0,0.0,0.0,0.0,0.0,0.0,n4_t1
507.0,511.0,-111.05799999996088,28.74900000076741,0.0,0.0,0.0,1.0,0.0,0.0,n4_t1
527.0,531.0,-111.05799999996088,28.74900000076741,0.0,0.0,0.0,1.0,0.0,0.0,n4_t1
555.0,559.0,-111.05799999996088,28.74900000076741,1.0,0.0,0.0,0.0,0.0,0.0,n4_t1
599.0,603.0,-111.05799999996088,28.74900000076741,1.0,0.0,0.0,0.0,0.0,0.0,n4_t1
711.0,715.0,-111.05799999996088,28.74900000076741,0.0,1.0,0.0,0.0,0.0,0.0,n4_t1
795.0,799.0,-111.05799999996088,28.74900000076741,0.0,0.0,1.0,0.0,0.0,0.0,n4_t1
899.0,903.0,-111.05799999996088,28.74900000076741,0.0,0.0,0.0,1.0,0.0,0.0,n4_t1
923.0,927.0,-111.05799999996088,28.74900000076741,0.0,0.0,0.0,1.0,0.0,0.0,n4_t1
983.0,987.0,-111.05799999996088,28.74900000076741,0.0,0.0,0.0,0.0,0.0,1.0,n4_t1
1039.0,1043.0,-111.05799999996088,28.74900000076741,0.0,1.0,0.0,0.0,0.0,0.0,n4_t1
1299.0,1303.0,-111.05799999996088,28.74900000076741,0.0,0.0,0.0,1.0,0.0,0.0,n4_t1
1327.0,1331.0,-111.05799999996088,28.74900000076741,0.0,0.0,0.0,1.0,0.0,0.0,n4_t1
1415.0,1419.0,-111.05799999996088,28.74900000076741,0.0,0.0,0.0,1.0,0.0,0.0,n4_t1
1459.0,1463.0,-111.05799999996088,28.74900000076741,0.0,0.0,0.0,1.0,0.0,0.0,n4_t1
218.0,222.0,-77.93799999996554,10.839000000618398,0.0,0.0,0.0,1.0,0.0,0.0,n2_t1
230.0,234.0,-77.93799999996554,10.839000000618398,0.0,0.0,0.0,1.0,0.0,0.0,n2_t1
238.0,242.0,-77.93799999996554,10.839000000618398,0.0,0.0,0.0,1.0,0.0,0.0,n2_t1
242.0,246.0,-77.93799999996554,10.839000000618398,0.0,0.0,0.0,1.0,0.0,0.0,n2_t1
254.0,258.0,-77.93799999996554,10.839000000618398,0.0,0.0,0.0,1.0,0.0,0.0,n2_t1
266.0,270.0,-77.93799999996554,10.839000000618398,0.0,0.0,0.0,1.0,0.0,0.0,n2_t1
282.0,286.0,-77.93799999996554,10.839000000618398,0.0,0.0,1.0,0.0,0.0,0.0,n2_t1
298.0,302.0,-77.93799999996554,10.839000000618398,0.0,0.0,1.0,0.0,0.0,0.0,n2_t1
326.0,330.0,-77.93799999996554,10.839000000618398,0.0,0.0,1.0,0.0,0.0,0.0,n2_t1
334.0,338.0,-77.93799999996554,10.839000000618398,0.0,0.0,1.0,0.0,0.0,0.0,n2_t1
354.0,358.0,-29.79999999993015,19.31300000008196,0.0,0.0,1.0,0.0,0.0,0.0,n2_t1
366.0,370.0,-29.79999999993015,19.31300000008196,0.0,0.0,1.0,0.0,0.0,0.0,n2_t1
378.0,382.0,-29.79999999993015,19.31300000008196,0.0,0.0,1.0,0.0,0.0,0.0,n2_t1
386.0,390.0,-29.79999999993015,19.31300000008196,0.0,0.0,1.0,0.0,0.0,0.0,n2_t1
390.0,394.0,-29.79999999993015,19.31300000008196,0.0,0.0,1.0,0.0,0.0,0.0,n2_t1
398.0,402.0,-29.79999999993015,19.31300000008196,0.0,0.0,1.0,0.0,0.0,0.0,n2_t1
422.0,426.0,-38.194000000017695,67.99399999994785,1.0,0.0,0.0,0.0,0.0,0.0,n2_t1
430.0,434.0,-38.194000000017695,67.99399999994785,1.0,0.0,0.0,0.0,0.0,0.0,n2_t1
438.0,442.0,-38.194000000017695,67.99399999994785,1.0,0.0,0.0,0.0,0.0,0.0,n2_t1
450.0,454.0,-38.194000000017695,67.99399999994785,1.0,0.0,0.0,0.0,0.0,0.0,n2_t1
454.0,458.0,-38.194000000017695,67.99399999994785,1.0,0.0,0.0,0.0,0.0,0.0,n2_t1
466.0,470.0,-38.194000000017695,67.99399999994785,1.0,0.0,0.0,0.0,0.0,0.0,n2_t1
490.0,494.0,-77.93799999996554,10.839000000618398,0.0,0.0,0.0,1.0,0.0,0.0,n2_t1
506.0,510.0,-77.93799999996554,10.839000000618398,0.0,0.0,0.0,1.0,0.0,0.0,n2_t1
510.0,514.0,-77.93799999996554,10.839000000618398,0.0,0.0,0.0,1.0,0.0,0.0,n2_t1
526.0,530.0,-77.93799999996554,10.839000000618398,0.0,0.0,0.0,1.0,0.0,0.0,n2_t1
550.0,554.0,-77.93799999996554,10.839000000618398,0.0,1.0,0.0,0.0,0.0,0.0,n2_t1
558.0,562.0,-77.93799999996554,10.839000000618398,0.0,1.0,0.0,0.0,0.0,0.0,n2_t1
562.0,566.0,-77.93799999996554,10.839000000618398,0.0,1.0,0.0,0.0,0.0,0.0,n2_t1
566.0,570.0,-77.93799999996554,10.839000000618398,0.0,1.0,0.0,0.0,0.0,0.0,n2_t1
574.0,578.0,-77.93799999996554,10.839000000618398,0.0,1.0,0.0,0.0,0.0,0.0,n2_t1
590.0,594.0,-77.93799999996554,10.839000000618398,0.0,1.0,0.0,0.0,0.0,0.0,n2_t1
674.0,678.0,-77.93799999996554,10.839000000618398,0.0,0.0,0.0,1.0,0.0,0.0,n2_t1
682.0,686.0,-77.93799999996554,10.839000000618398,0.0,0.0,0.0,1.0,0.0,0.0,n2_t1
694.0,698.0,-77.93799999996554,10.839000000618398,0.0,0.0,0.0,1.0,0.0,0.0,n2_t1
710.0,714.0,-77.93799999996554,10.839000000618398,0.0,0.0,0.0,1.0,0.0,0.0,n2_t1
714.0,718.0,-77.93799999996554,10.839000000618398,0.0,0.0,0.0,1.0,0.0,0.0,n2_t1
722.0,726.0,-77.93799999996554,10.839000000618398,0.0,0.0,0.0,1.0,0.0,0.0,n2_t1
814.0,818.0,-59.03200000000652,44.20900000073016,1.0,0.0,0.0,0.0,0.0,0.0,n2_t1
822.0,826.0,-59.03200000000652,44.20900000073016,1.0,0.0,0.0,0.0,0.0,0.0,n2_t1
826.0,830.0,-59.03200000000652,44.20900000073016,1.0,0.0,0.0,0.0,0.0,0.0,n2_t1
834.0,838.0,-59.03200000000652,44.20900000073016,1.0,0.0,0.0,0.0,0.0,0.0,n2_t1
842.0,846.0,-77.93799999996554,10.839000000618398,1.0,0.0,0.0,0.0,0.0,0.0,n2_t1
846.0,850.0,-59.03200000000652,44.20900000073016,1.0,0.0,0.0,0.0,0.0,0.0,n2_t1
910.0,914.0,-38.194000000017695,67.99399999994785,1.0,0.0,0.0,0.0,0.0,0.0,n2_t1
926.0,930.0,-38.194000000017695,67.99399999994785,1.0,0.0,0.0,0.0,0.0,0.0,n2_t1
938.0,942.0,-59.03200000000652,44.20900000073016,0.0,0.0,0.0,1.0,0.0,0.0,n2_t1
950.0,954.0,-59.03200000000652,44.20900000073016,0.0,0.0,0.0,1.0,0.0,0.0,n2_t1
962.0,966.0,-59.03200000000652,44.20900000073016,0.0,0.0,0.0,1.0,0.0,0.0,n2_t1
966.0,970.0,-59.03200000000652,44.20900000073016,0.0,0.0,0.0,1.0,0.0,0.0,n2_t1
978.0,982.0,-59.03200000000652,44.20900000073016,0.0,0.0,0.0,1.0,0.0,0.0,n2_t1
990.0,994.0,-59.03200000000652,44.20900000073016,0.0,0.0,0.0,1.0,0.0,0.0,n2_t1
1070.0,1074.0,-29.79999999993015,19.31300000008196,0.0,0.0,0.0,0.0,0.0,1.0,n2_t1
1082.0,1086.0,-29.79999999993015,19.31300000008196,0.0,0.0,0.0,0.0,0.0,1.0,n2_t1
1094.0,1098.0,-29.79999999993015,19.31300000008196,0.0,0.0,0.0,0.0,0.0,1.0,n2_t1
1106.0,1110.0,-29.79999999993015,19.31300000008196,0.0,0.0,0.0,0.0,0.0,1.0,n2_t1
1110.0,1114.0,-29.79999999993015,19.31300000008196,0.0,0.0,0.0,0.0,0.0,1.0,n2_t1
1114.0,1118.0,-29.79999999993015,19.31300000008196,0.0,0.0,0.0,0.0,0.0,1.0,n2_t1
1146.0,1150.0,-29.79999999993015,19.31300000008196,0.0,0.0,0.0,0.0,0.0,1.0,n2_t1
1154.0,1158.0,-29.79999999993015,19.31300000008196,0.0,0.0,0.0,0.0,0.0,1.0,n2_t1
1162.0,1166.0,-29.79999999993015,19.31300000008196,0.0,0.0,0.0,0.0,0.0,1.0,n2_t1
1166.0,1170.0,-29.79999999993015,19.31300000008196,0.0,0.0,0.0,0.0,0.0,1.0,n2_t1
1178.0,1182.0,-29.79999999993015,19.31300000008196,0.0,0.0,0.0,0.0,0.0,1.0,n2_t1
1190.0,1194.0,-29.79999999993015,19.31300000008196,0.0,0.0,0.0,0.0,0.0,1.0,n2_t1
1206.0,1210.0,-38.194000000017695,67.99399999994785,0.0,0.0,0.0,0.0,0.0,1.0,n2_t1
1210.0,1214.0,-38.194000000017695,67.99399999994785,0.0,0.0,0.0,0.0,0.0,1.0,n2_t1
1222.0,1226.0,-38.194000000017695,67.99399999994785,0.0,0.0,0.0,0.0,0.0,1.0,n2_t1
1234.0,1238.0,-38.194000000017695,67.99399999994785,0.0,0.0,0.0,0.0,0.0,1.0,n2_t1
1246.0,1250.0,-38.194000000017695,67.99399999994785,0.0,0.0,0.0,0.0,0.0,1.0,n2_t1
1250.0,1254.0,-38.194000000017695,67.99399999994785,0.0,0.0,0.0,0.0,0.0,1.0,n2_t1
1350.0,1354.0,-77.93799999996554,10.839000000618398,0.0,1.0,0.0,0.0,0.0,0.0,n2_t1
1370.0,1374.0,-77.93799999996554,10.839000000618398,0.0,1.0,0.0,0.0,0.0,0.0,n2_t1
1406.0,1410.0,-59.03200000000652,44.20900000073016,0.0,0.0,1.0,0.0,0.0,0.0,n2_t1
1414.0,1418.0,-59.03200000000652,44.20900000073016,0.0,0.0,1.0,0.0,0.0,0.0,n2_t1
1426.0,1430.0,-59.03200000000652,44.20900000073016,0.0,0.0,1.0,0.0,0.0,0.0,n2_t1
1434.0,1438.0,-59.03200000000652,44.20900000073016,0.0,0.0,1.0,0.0,0.0,0.0,n2_t1
1442.0,1446.0,-59.03200000000652,44.20900000073016,0.0,0.0,1.0,0.0,0.0,0.0,n2_t1
1450.0,1454.0,-59.03200000000652,44.20900000073016,0.0,0.0,1.0,0.0,0.0,0.0,n2_t1
1478.0,1482.0,-38.194000000017695,67.99399999994785,0.0,1.0,0.0,0.0,0.0,0.0,n2_t1
1494.0,1498.0,-38.194000000017695,67.99399999994785,0.0,1.0,0.0,0.0,0.0,0.0,n2_t1
1566.0,1570.0,-59.03200000000652,44.20900000073016,0.0,1.0,0.0,0.0,0.0,0.0,n2_t1
1574.0,1578.0,-38.194000000017695,67.99399999994785,0.0,0.0,1.0,0.0,0.0,0.0,n2_t1
1670.0,1674.0,-77.93799999996554,10.839000000618398,0.0,0.0,0.0,0.0,0.0,1.0,n2_t1
1678.0,1682.0,-77.93799999996554,10.839000000618398,0.0,0.0,0.0,0.0,0.0,1.0,n2_t1
1686.0,1690.0,-77.93799999996554,10.839000000618398,0.0,0.0,0.0,0.0,0.0,1.0,n2_t1
1698.0,1702.0,-77.93799999996554,10.839000000618398,0.0,0.0,0.0,0.0,0.0,1.0,n2_t1
1706.0,1710.0,-77.93799999996554,10.839000000618398,0.0,0.0,0.0,0.0,0.0,1.0,n2_t1
1714.0,1718.0,-77.93799999996554,10.839000000618398,0.0,0.0,0.0,0.0,0.0,1.0,n2_t1
1762.0,1766.0,-77.93799999996554,10.839000000618398,0.0,0.0,0.0,0.0,1.0,0.0,n2_t1
1766.0,1770.0,-29.79999999993015,19.31300000008196,0.0,0.0,0.0,1.0,0.0,0.0,n2_t1
1770.0,1774.0,-77.93799999996554,10.839000000618398,0.0,0.0,0.0,0.0,1.0,0.0,n2_t1
1774.0,1778.0,-29.79999999993015,19.31300000008196,0.0,0.0,0.0,1.0,0.0,0.0,n2_t1
1778.0,1782.0,-77.93799999996554,10.839000000618398,0.0,0.0,0.0,0.0,1.0,0.0,n2_t1
1782.0,1786.0,-29.79999999993015,19.31300000008196,0.0,0.0,0.0,1.0,0.0,0.0,n2_t1
1798.0,1802.0,-59.03200000000652,44.20900000073016,0.0,0.0,0.0,0.0,1.0,0.0,n2_t1
1806.0,1810.0,-59.03200000000652,44.20900000073016,0.0,0.0,0.0,0.0,1.0,0.0,n2_t1
1814.0,1818.0,-59.03200000000652,44.20900000073016,0.0,0.0,0.0,0.0,1.0,0.0,n2_t1
1822.0,1826.0,-59.03200000000652,44.20900000073016,0.0,0.0,0.0,0.0,1.0,0.0,n2_t1
1834.0,1838.0,-59.03200000000652,44.20900000073016,0.0,0.0,0.0,0.0,1.0,0.0,n2_t1
1846.0,1850.0,-59.03200000000652,44.20900000073016,0.0,0.0,0.0,0.0,1.0,0.0,n2_t1
1866.0,1870.0,-29.79999999993015,19.31300000008196,0.0,0.0,0.0,0.0,1.0,0.0,n2_t1
1894.0,1898.0,-29.79999999993015,19.31300000008196,0.0,0.0,0.0,0.0,1.0,0.0,n2_t1
1930.0,1934.0,-29.79999999993015,19.31300000008196,0.0,0.0,1.0,0.0,0.0,0.0,n2_t1
1934.0,1938.0,-29.79999999993015,19.31300000008196,0.0,0.0,1.0,0.0,0.0,0.0,n2_t1
1946.0,1950.0,-29.79999999993015,19.31300000008196,0.0,0.0,1.0,0.0,0.0,0.0,n2_t1
1954.0,1958.0,-29.79999999993015,19.31300000008196,0.0,0.0,1.0,0.0,0.0,0.0,n2_t1
1966.0,1970.0,-29.79999999993015,19.31300000008196,0.0,0.0,1.0,0.0,0.0,0.0,n2_t1
1978.0,1982.0,-29.79999999993015,19.31300000008196,0.0,0.0,1.0,0.0,0.0,0.0,n2_t1
1998.0,2002.0,-77.93799999996554,10.839000000618398,0.0,0.0,1.0,0.0,0.0,0.0,n2_t1
2010.0,2014.0,-77.93799999996554,10.839000000618398,0.0,0.0,1.0,0.0,0.0,0.0,n2_t1
2014.0,2018.0,-77.93799999996554,10.839000000618398,0.0,0.0,1.0,0.0,0.0,0.0,n2_t1
2026.0,2030.0,-77.93799999996554,10.839000000618398,0.0,0.0,1.0,0.0,0.0,0.0,n2_t1
2030.0,2034.0,-77.93799999996554,10.839000000618398,0.0,0.0,1.0,0.0,0.0,0.0,n2_t1
2038.0,2042.0,-77.93799999996554,10.839000000618398,0.0,0.0,1.0,0.0,0.0,0.0,n2_t1
2062.0,2066.0,-77.93799999996554,10.839000000618398,0.0,0.0,0.0,0.0,1.0,0.0,n2_t1
2070.0,2074.0,-77.93799999996554,10.839000000618398,0.0,0.0,0.0,0.0,1.0,0.0,n2_t1
2078.0,2082.0,-77.93799999996554,10.839000000618398,0.0,0.0,0.0,0.0,1.0,0.0,n2_t1
2086.0,2090.0,-77.93799999996554,10.839000000618398,0.0,0.0,0.0,0.0,1.0,0.0,n2_t1
2098.0,2102.0,-77.93799999996554,10.839000000618398,0.0,0.0,0.0,0.0,1.0,0.0,n2_t1
2110.0,2114.0,-77.93799999996554,10.839000000618398,0.0,0.0,0.0,0.0,1.0,0.0,n2_t1
2134.0,2138.0,-38.194000000017695,67.99399999994785,1.0,0.0,0.0,0.0,0.0,0.0,n2_t1
2150.0,2154.0,-38.194000000017695,67.99399999994785,1.0,0.0,0.0,0.0,0.0,0.0,n2_t1
2158.0,2162.0,-38.194000000017695,67.99399999994785,1.0,0.0,0.0,0.0,0.0,0.0,n2_t1
2170.0,2174.0,-38.194000000017695,67.99399999994785,1.0,0.0,0.0,0.0,0.0,0.0,n2_t1
2174.0,2178.0,-38.194000000017695,67.99399999994785,1.0,0.0,0.0,0.0,0.0,0.0,n2_t1
2178.0,2182.0,-38.194000000017695,67.99399999994785,1.0,0.0,0.0,0.0,0.0,0.0,n2_t1
222.0,226.0,-86.43999999994412,58.86100000049919,1.0,0.0,0.0,0.0,0.0,0.0,n2_t1
226.0,230.0,-86.43999999994412,58.86100000049919,1.0,0.0,0.0,0.0,0.0,0.0,n2_t1
234.0,238.0,-86.43999999994412,58.86100000049919,1.0,0.0,0.0,0.0,0.0,0.0,n2_t1
374.0,378.0,-101.86499999999069,30.51300000026822,1.0,0.0,0.0,0.0,0.0,0.0,n2_t1
410.0,414.0,-86.43999999994412,58.86100000049919,0.0,0.0,0.0,0.0,0.0,1.0,n2_t1
462.0,466.0,-86.43999999994412,58.86100000049919,0.0,0.0,0.0,0.0,0.0,1.0,n2_t1
618.0,622.0,-101.86499999999069,30.51300000026822,1.0,0.0,0.0,0.0,0.0,0.0,n2_t1
622.0,626.0,-86.43999999994412,58.86100000049919,0.0,0.0,0.0,1.0,0.0,0.0,n2_t1
626.0,630.0,-101.86499999999069,30.51300000026822,1.0,0.0,0.0,0.0,0.0,0.0,n2_t1
638.0,642.0,-101.86499999999069,30.51300000026822,1.0,0.0,0.0,0.0,0.0,0.0,n2_t1
654.0,658.0,-101.86499999999069,30.51300000026822,1.0,0.0,0.0,0.0,0.0,0.0,n2_t1
658.0,662.0,-101.86499999999069,30.51300000026822,1.0,0.0,0.0,0.0,0.0,0.0,n2_t1
698.0,702.0,-86.43999999994412,58.86100000049919,1.0,0.0,0.0,0.0,0.0,0.0,n2_t1
1006.0,1010.0,-101.86499999999069,30.51300000026822,0.0,0.0,1.0,0.0,0.0,0.0,n2_t1
1010.0,1014.0,-101.86499999999069,30.51300000026822,0.0,0.0,1.0,0.0,0.0,0.0,n2_t1
1018.0,1022.0,-101.86499999999069,30.51300000026822,0.0,0.0,1.0,0.0,0.0,0.0,n2_t1
1042.0,1046.0,-101.86499999999069,30.51300000026822,0.0,0.0,1.0,0.0,0.0,0.0,n2_t1
1050.0,1054.0,-101.86499999999069,30.51300000026822,0.0,0.0,1.0,0.0,0.0,0.0,n2_t1
1054.0,1058.0,-86.43999999994412,58.86100000049919,1.0,0.0,0.0,0.0,0.0,0.0,n2_t1
1098.0,1102.0,-101.86499999999069,30.51300000026822,1.0,0.0,0.0,0.0,0.0,0.0,n2_t1
1102.0,1106.0,-101.86499999999069,30.51300000026822,1.0,0.0,0.0,0.0,0.0,0.0,n2_t1
1294.0,1298.0,-86.43999999994412,58.86100000049919,0.0,0.0,0.0,0.0,1.0,0.0,n2_t1
1314.0,1318.0,-86.43999999994412,58.86100000049919,0.0,0.0,0.0,0.0,1.0,0.0,n2_t1
1354.0,1358.0,-86.43999999994412,58.86100000049919,1.0,0.0,0.0,0.0,0.0,0.0,n2_t1
1366.0,1370.0,-86.43999999994412,58.86100000049919,1.0,0.0,0.0,0.0,0.0,0.0,n2_t1
1374.0,1378.0,-86.43999999994412,58.86100000049919,1.0,0.0,0.0,0.0,0.0,0.0,n2_t1
1386.0,1390.0,-86.43999999994412,58.86100000049919,1.0,0.0,0.0,0.0,0.0,0.0,n2_t1
1390.0,1394.0,-86.43999999994412,58.86100000049919,1.0,0.0,0.0,0.0,0.0,0.0,n2_t1
1614.0,1618.0,-86.43999999994412,58.86100000049919,0.0,0.0,0.0,0.0,1.0,0.0,n2_t1
1646.0,1650.0,-86.43999999994412,58.86100000049919,0.0,0.0,0.0,0.0,1.0,0.0,n2_t1
1702.0,1706.0,-86.43999999994412,58.86100000049919,0.0,0.0,1.0,0.0,0.0,0.0,n2_t1
1810.0,1814.0,-86.43999999994412,58.86100000049919,0.0,0.0,0.0,0.0,1.0,0.0,n2_t1
1818.0,1822.0,-86.43999999994412,58.86100000049919,0.0,0.0,0.0,0.0,1.0,0.0,n2_t1
1830.0,1834.0,-86.43999999994412,58.86100000049919,0.0,0.0,0.0,0.0,1.0,0.0,n2_t1
1842.0,1846.0,-86.43999999994412,58.86100000049919,0.0,0.0,0.0,0.0,1.0,0.0,n2_t1
1974.0,1978.0,-86.43999999994412,58.86100000049919,0.0,0.0,0.0,0.0,1.0,0.0,n2_t1
2066.0,2070.0,-86.43999999994412,58.86100000049919,0.0,0.0,0.0,0.0,0.0,1.0,n2_t1
2074.0,2078.0,-86.43999999994412,58.86100000049919,0.0,0.0,0.0,0.0,0.0,1.0,n2_t1
2090.0,2094.0,-86.43999999994412,58.86100000049919,0.0,0.0,0.0,0.0,0.0,1.0,n2_t1
2102.0,2106.0,-86.43999999994412,58.86100000049919,0.0,0.0,0.0,0.0,0.0,1.0,n2_t1
230.0,234.0,-86.43999999994412,58.86100000049919,1.0,0.0,0.0,0.0,0.0,0.0,n2_t1
254.0,258.0,-86.43999999994412,58.86100000049919,1.0,0.0,0.0,0.0,0.0,0.0,n2_t1
266.0,270.0,-86.43999999994412,58.86100000049919,1.0,0.0,0.0,0.0,0.0,0.0,n2_t1
302.0,306.0,-29.79999999993015,19.31300000008196,0.0,0.0,0.0,0.0,0.0,1.0,n2_t1
310.0,314.0,-29.79999999993015,19.31300000008196,0.0,0.0,0.0,0.0,0.0,1.0,n2_t1
518.0,522.0,-38.194000000017695,67.99399999994785,0.0,0.0,0.0,0.0,1.0,0.0,n2_t1
530.0,534.0,-38.194000000017695,67.99399999994785,0.0,0.0,0.0,0.0,1.0,0.0,n2_t1
646.0,650.0,-86.43999999994412,58.86100000049919,0.0,0.0,0.0,1.0,0.0,0.0,n2_t1
722.0,726.0,-86.43999999994412,58.86100000049919,1.0,0.0,0.0,0.0,0.0,0.0,n2_t1
762.0,766.0,-109.75099999993108,74.92900000046939,0.0,0.0,0.0,0.0,0.0,1.0,n2_t1
790.0,794.0,-109.75099999993108,74.92900000046939,0.0,0.0,0.0,0.0,0.0,1.0,n2_t1
850.0,854.0,-59.03200000000652,44.20900000073016,1.0,0.0,0.0,0.0,0.0,0.0,n2_t1
878.0,882.0,-109.75099999993108,74.92900000046939,0.0,0.0,0.0,1.0,0.0,0.0,n2_t1
914.0,918.0,-109.75099999993108,74.92900000046939,0.0,0.0,0.0,1.0,0.0,0.0,n2_t1
994.0,998.0,-109.75099999993108,74.92900000046939,0.0,1.0,0.0,0.0,0.0,0.0,n2_t1
1030.0,1034.0,-86.43999999994412,58.86100000049919,1.0,0.0,0.0,0.0,0.0,0.0,n2_t1
1170.0,1174.0,-109.75099999993108,74.92900000046939,0.0,0.0,0.0,0.0,1.0,0.0,n2_t1
1350.0,1354.0,-86.43999999994412,58.86100000049919,1.0,0.0,0.0,0.0,0.0,0.0,n2_t1
1678.0,1682.0,-86.43999999994412,58.86100000049919,0.0,0.0,1.0,0.0,0.0,0.0,n2_t1
1734.0,1738.0,-29.79999999993015,19.31300000008196,0.0,0.0,0.0,1.0,0.0,0.0,n2_t1
1742.0,1746.0,-29.79999999993015,19.31300000008196,0.0,0.0,0.0,1.0,0.0,0.0,n2_t1
1750.0,1754.0,-29.79999999993015,19.31300000008196,0.0,0.0,0.0,1.0,0.0,0.0,n2_t1
2010.0,2014.0,-109.75099999993108,74.92900000046939,0.0,0.0,1.0,0.0,0.0,0.0,n2_t1
2050.0,2054.0,-109.75099999993108,74.92900000046939,0.0,0.0,1.0,0.0,0.0,0.0,n2_t1
2070.0,2074.0,-86.43999999994412,58.86100000049919,0.0,0.0,0.0,0.0,0.0,1.0,n2_t1
2110.0,2114.0,-86.43999999994412,58.86100000049919,0.0,0.0,0.0,0.0,0.0,1.0,n2_t1
2138.0,2142.0,-109.75099999993108,74.92900000046939,0.0,1.0,0.0,0.0,0.0,0.0,n2_t1
2142.0,2146.0,-109.75099999993108,74.92900000046939,0.0,1.0,0.0,0.0,0.0,0.0,n2_t1
2162.0,2166.0,-109.75099999993108,74.92900000046939,0.0,1.0,0.0,0.0,0.0,0.0,n2_t1
570.0,574.0,-111.05799999996088,28.74900000076741,0.0,0.0,0.0,0.0,0.0,1.0,n2_t1
582.0,586.0,-111.05799999996088,28.74900000076741,0.0,0.0,0.0,0.0,0.0,1.0,n2_t1
594.0,598.0,-111.05799999996088,28.74900000076741,0.0,0.0,0.0,0.0,0.0,1.0,n2_t1
762.0,766.0,-111.05799999996088,28.74900000076741,1.0,0.0,0.0,0.0,0.0,0.0,n2_t1
786.0,790.0,-111.05799999996088,28.74900000076741,1.0,0.0,0.0,0.0,0.0,0.0,n2_t1
1270.0,1274.0,-111.05799999996088,28.74900000076741,0.0,1.0,0.0,0.0,0.0,0.0,n2_t1
1274.0,1278.0,-111.05799999996088,28.74900000076741,0.0,1.0,0.0,0.0,0.0,0.0,n2_t1
1290.0,1294.0,-111.05799999996088,28.74900000076741,0.0,1.0,0.0,0.0,0.0,0.0,n2_t1
1298.0,1302.0,-111.05799999996088,28.74900000076741,0.0,1.0,0.0,0.0,0.0,0.0,n2_t1
1310.0,1314.0,-111.05799999996088,28.74900000076741,0.0,1.0,0.0,0.0,0.0,0.0,n2_t1
1322.0,1326.0,-111.05799999996088,28.74900000076741,0.0,1.0,0.0,0.0,0.0,0.0,n2_t1
1402.0,1406.0,-111.05799999996088,28.74900000076741,0.0,1.0,0.0,0.0,0.0,0.0,n2_t1
1606.0,1610.0,-111.05799999996088,28.74900000076741,0.0,0.0,0.0,0.0,0.0,1.0,n2_t1
1626.0,1630.0,-111.05799999996088,28.74900000076741,0.0,0.0,0.0,0.0,0.0,1.0,n2_t1
1630.0,1634.0,-111.05799999996088,28.74900000076741,0.0,0.0,0.0,0.0,0.0,1.0,n2_t1
1638.0,1642.0,-111.05799999996088,28.74900000076741,0.0,0.0,0.0,0.0,0.0,1.0,n2_t1
1650.0,1654.0,-111.05799999996088,28.74900000076741,0.0,0.0,0.0,0.0,0.0,1.0,n2_t1
1882.0,1886.0,-111.05799999996088,28.74900000076741,0.0,0.0,0.0,1.0,0.0,0.0,n2_t1
1890.0,1894.0,-111.05799999996088,28.74900000076741,0.0,0.0,0.0,1.0,0.0,0.0,n2_t1
518.0,522.0,-77.93799999996554,10.839000000618398,0.0,0.0,0.0,1.0,0.0,0.0,n2_t1
530.0,534.0,-77.93799999996554,10.839000000618398,0.0,0.0,0.0,1.0,0.0,0.0,n2_t1
1222.0,1226.0,-109.75099999993108,74.92900000046939,1.0,0.0,0.0,0.0,0.0,0.0,n2_t1
1250.0,1254.0,-109.75099999993108,74.92900000046939,1.0,0.0,0.0,0.0,0.0,0.0,n2_t1
1478.0,1482.0,-111.05799999996088,28.74900000076741,0.0,0.0,0.0,0.0,0.0,1.0,n2_t1
1494.0,1498.0,-111.05799999996088,28.74900000076741,0.0,0.0,0.0,0.0,0.0,1.0,n2_t1
1558.0,1562.0,-59.03200000000652,44.20900000073016,0.0,1.0,0.0,0.0,0.0,0.0,n2_t1
2150.0,2154.0,-109.75099999993108,74.92900000046939,0.0,1.0,0.0,0.0,0.0,0.0,n2_t1
2170.0,2174.0,-109.75099999993108,74.92900000046939,0.0,1.0,0.0,0.0,0.0,0.0,n2_t1
2174.0,2178.0,-109.75099999993108,74.92900000046939,0.0,1.0,0.0,0.0,0.0,0.0,n2_t1
302.0,306.0,-77.93799999996554,10.839000000618398,0.0,0.0,1.0,0.0,0.0,0.0,n2_t1
310.0,314.0,-77.93799999996554,10.839000000618398,0.0,0.0,1.0,0.0,0.0,0.0,n2_t1
366.0,370.0,-101.86499999999069,30.51300000026822,1.0,0.0,0.0,0.0,0.0,0.0,n2_t1
1146.0,1150.0,-109.75099999993108,74.92900000046939,0.0,0.0,0.0,0.0,1.0,0.0,n2_t1
1734.0,1738.0,-77.93799999996554,10.839000000618398,0.0,0.0,0.0,0.0,1.0,0.0,n2_t1
1742.0,1746.0,-77.93799999996554,10.839000000618398,0.0,0.0,0.0,0.0,1.0,0.0,n2_t1
1750.0,1754.0,-77.93799999996554,10.839000000618398,0.0,0.0,0.0,0.0,1.0,0.0,n2_t1
1954.0,1958.0,-86.43999999994412,58.86100000049919,0.0,0.0,0.0,0.0,1.0,0.0,n2_t1
850.0,854.0,-77.93799999996554,10.839000000618398,1.0,0.0,0.0,0.0,0.0,0.0,n2_t1
1558.0,1562.0,-38.194000000017695,67.99399999994785,0.0,0.0,1.0,0.0,0.0,0.0,n2_t1
646.0,650.0,-101.86499999999069,30.51300000026822,1.0,0.0,0.0,0.0,0.0,0.0,n2_t1
1030.0,1034.0,-101.86499999999069,30.51300000026822,0.0,0.0,1.0,0.0,0.0,0.0,n2_t1
1814.0,1818.0,-86.43999999994412,58.86100000049919,0.0,0.0,0.0,0.0,1.0,0.0,n2_t1
742.0,746.0,-109.75099999993108,74.92900000046939,0.0,0.0,0.0,0.0,0.0,1.0,n2_t1
778.0,782.0,-109.75099999993108,74.92900000046939,0.0,0.0,0.0,0.0,0.0,1.0,n2_t1
962.0,966.0,-109.75099999993108,74.92900000046939,0.0,1.0,0.0,0.0,0.0,0.0,n2_t1
550.0,554.0,-111.05799999996088,28.74900000076741,0.0,0.0,0.0,0.0,0.0,1.0,n2_t1
558.0,562.0,-111.05799999996088,28.74900000076741,0.0,0.0,0.0,0.0,0.0,1.0,n2_t1
574.0,578.0,-111.05799999996088,28.74900000076741,0.0,0.0,0.0,0.0,0.0,1.0,n2_t1
1434.0,1438.0,-111.05799999996088,28.74900000076741,0.0,1.0,0.0,0.0,0.0,0.0,n2_t1
1614.0,1618.0,-111.05799999996088,28.74900000076741,0.0,0.0,0.0,0.0,0.0,1.0,n2_t1
